Data Source,World Development Indicators,,,,,,,,,,,,,,,
,,,,,,,,,,,,,,,,
Last Updated Date,4/8/2022,,,,,,,,,,,,,,,
,,,,,,,,,,,,,,,,
Country Name,Country Code,Indicator Name,Indicator Code,2008,2009,2010,2011,2012,2013,2014,2015,2016,2017,2018,2019,2020
Aruba,ABW,"Employment to population ratio, 15+, total (%) (modeled ILO estimate)",SL.EMP.TOTL.SP.ZS,,,,,,,,,,,,,
Africa Eastern and Southern,AFE,"Employment to population ratio, 15+, total (%) (modeled ILO estimate)",SL.EMP.TOTL.SP.ZS,67.83477191,67.42317929,66.65866224,66.56551797,66.57956454,66.70068506,66.69712085,66.75747367,66.69039883,66.66577486,66.60845908,66.46462404,64.1872026
Afghanistan,AFG,"Employment to population ratio, 15+, total (%) (modeled ILO estimate)",SL.EMP.TOTL.SP.ZS,41.60599899,41.45199966,41.41400146,41.65000153,41.63399887,41.76599884,41.85200119,41.92100143,41.96900177,42.02099991,42.0929985,42.11899948,36.71099854
Africa Western and Central,AFW,"Employment to population ratio, 15+, total (%) (modeled ILO estimate)",SL.EMP.TOTL.SP.ZS,61.52917645,61.29522032,61.05315274,60.93396077,59.56017281,58.36112313,57.93566953,57.85208523,57.18085978,56.80268,56.72617089,56.66936181,55.16608302
Angola,AGO,"Employment to population ratio, 15+, total (%) (modeled ILO estimate)",SL.EMP.TOTL.SP.ZS,74.32499695,74.33899689,69.97399902,71.6289978,71.64900208,71.63600159,71.62599945,71.59799957,71.5719986,71.55599976,71.51899719,71.48300171,69.80200195
Albania,ALB,"Employment to population ratio, 15+, total (%) (modeled ILO estimate)",SL.EMP.TOTL.SP.ZS,46.24300003,47.47299957,47.42200089,51.86000061,49.36500168,44.10100174,43.77799988,45.95999908,48.47299957,50.15200043,52.00600052,53.39199829,50.0890007
Andorra,AND,"Employment to population ratio, 15+, total (%) (modeled ILO estimate)",SL.EMP.TOTL.SP.ZS,,,,,,,,,,,,,
Arab World,ARB,"Employment to population ratio, 15+, total (%) (modeled ILO estimate)",SL.EMP.TOTL.SP.ZS,42.71089321,42.89696778,43.34858514,42.71144208,42.77459948,42.88751377,42.60373116,42.38893673,42.48009751,41.90050708,41.75663316,41.99234218,40.31608167
United Arab Emirates,ARE,"Employment to population ratio, 15+, total (%) (modeled ILO estimate)",SL.EMP.TOTL.SP.ZS,76.22499847,76.54699707,76.97799683,77.39199829,77.75499725,78.13500214,78.50700378,78.88500214,79.24900055,78.78299713,77.33699799,77.41500092,73.27300262
Argentina,ARG,"Employment to population ratio, 15+, total (%) (modeled ILO estimate)",SL.EMP.TOTL.SP.ZS,55.69200134,55.52299881,55.54899979,56.29499817,56.0019989,55.70299911,55.11899948,54.77600098,54.23300171,53.89899826,54.10499954,54.35699844,49.59999847
Armenia,ARM,"Employment to population ratio, 15+, total (%) (modeled ILO estimate)",SL.EMP.TOTL.SP.ZS,45.39500046,43.79800034,45.58100128,47.01900101,47.90800095,48.79199982,47.4620018,46.47700119,45.90999985,45.61899948,43.08399963,44.19499969,40.39199829
American Samoa,ASM,"Employment to population ratio, 15+, total (%) (modeled ILO estimate)",SL.EMP.TOTL.SP.ZS,,,,,,,,,,,,,
Antigua and Barbuda,ATG,"Employment to population ratio, 15+, total (%) (modeled ILO estimate)",SL.EMP.TOTL.SP.ZS,,,,,,,,,,,,,
Australia,AUS,"Employment to population ratio, 15+, total (%) (modeled ILO estimate)",SL.EMP.TOTL.SP.ZS,62.70999908,61.79199982,61.98300171,62.09700012,61.74900055,61.26399994,60.76599884,61.06700134,61.16600037,61.52700043,62.15200043,62.54700089,60.82899857
Austria,AUT,"Employment to population ratio, 15+, total (%) (modeled ILO estimate)",SL.EMP.TOTL.SP.ZS,57.68500137,57.24599838,57.48899841,57.73199844,57.80099869,57.67300034,57.27899933,57.24700165,57.53099823,57.85300064,58.39400101,58.60499954,57.51300049
Azerbaijan,AZE,"Employment to population ratio, 15+, total (%) (modeled ILO estimate)",SL.EMP.TOTL.SP.ZS,62.42399979,61.31600189,61.1609993,60.91899872,60.93399811,61.33200073,61.85599899,62.27000046,62.9469986,63.26100159,63.56499863,63.27500153,58.72800064
Burundi,BDI,"Employment to population ratio, 15+, total (%) (modeled ILO estimate)",SL.EMP.TOTL.SP.ZS,80.2460022,79.83799744,79.42900085,79.00499725,78.57900238,78.14499664,77.7009964,77.68800354,77.7009964,77.70200348,77.69599915,77.68000031,76.84899902
Belgium,BEL,"Employment to population ratio, 15+, total (%) (modeled ILO estimate)",SL.EMP.TOTL.SP.ZS,49.93299866,49.24100113,49.58800125,49.40200043,49.23500061,49.04499817,48.95100021,48.78900146,48.95100021,50.02299881,50.9659996,51.47499847,50.84199905
Benin,BEN,"Employment to population ratio, 15+, total (%) (modeled ILO estimate)",SL.EMP.TOTL.SP.ZS,71.16000366,71.13600159,71.11799622,69.97499847,70.07099915,70.16300201,70.23000336,70.27300262,70.36100006,70.44599915,70.51899719,70.46199799,69.71199799
Burkina Faso,BFA,"Employment to population ratio, 15+, total (%) (modeled ILO estimate)",SL.EMP.TOTL.SP.ZS,68.59999847,67.66200256,66.7539978,65.79599762,64.83499908,63.86100006,62.87200165,62.75,62.64300156,62.52099991,62.39699936,62.34600067,61.6230011
Bangladesh,BGD,"Employment to population ratio, 15+, total (%) (modeled ILO estimate)",SL.EMP.TOTL.SP.ZS,55.04199982,54.60499954,55.34500122,54.93000031,54.54199982,54.17499924,54.01200104,53.83200073,53.65000153,55.78099823,55.77399826,55.74700165,53.64400101
Bulgaria,BGR,"Employment to population ratio, 15+, total (%) (modeled ILO estimate)",SL.EMP.TOTL.SP.ZS,50.79100037,49.40399933,47.90200043,46.59700012,46.56700134,46.92499924,47.95700073,49.12799835,49.29299927,51.93999863,52.43799973,54.18700027,52.70600128
Bahrain,BHR,"Employment to population ratio, 15+, total (%) (modeled ILO estimate)",SL.EMP.TOTL.SP.ZS,69.92900085,70.57700348,71.2460022,70.2009964,70.31900024,70.46199799,70.58799744,70.70999908,70.80000305,70.93299866,71.17900085,71.41100311,68.68399811
"Bahamas, The",BHS,"Employment to population ratio, 15+, total (%) (modeled ILO estimate)",SL.EMP.TOTL.SP.ZS,67.8239975,62.94100189,62.48500061,61.92200089,64.05500031,60.93700027,62.66199875,63.96099854,63.43799973,65.51999664,65.38999939,65.36599731,57.55599976
Bosnia and Herzegovina,BIH,"Employment to population ratio, 15+, total (%) (modeled ILO estimate)",SL.EMP.TOTL.SP.ZS,33.20899963,32.78699875,32.09999847,31.61899948,31.52400017,31.41900063,31.47800064,31.73699951,32.11100006,33.60800171,34.19900131,35.24200058,36.07600021
Belarus,BLR,"Employment to population ratio, 15+, total (%) (modeled ILO estimate)",SL.EMP.TOTL.SP.ZS,57.42900085,58.31399918,58.52600098,58.88600159,59.26399994,59.59700012,59.90800095,60.30899811,60.61100006,60.79000092,61.45800018,61.67100143,60.99399948
Belize,BLZ,"Employment to population ratio, 15+, total (%) (modeled ILO estimate)",SL.EMP.TOTL.SP.ZS,56.42599869,56.59999847,56.82099915,57.01100159,57.21300125,57.40000153,58.25799942,59.02899933,59.75299835,59.80400085,59.78099823,59.67900085,55.54600143
Bermuda,BMU,"Employment to population ratio, 15+, total (%) (modeled ILO estimate)",SL.EMP.TOTL.SP.ZS,,,,,,,,,,,,,
Bolivia,BOL,"Employment to population ratio, 15+, total (%) (modeled ILO estimate)",SL.EMP.TOTL.SP.ZS,69.94300079,69.97799683,70.16600037,70.36000061,67.19999695,67.60900116,69.9280014,64.9940033,65.0019989,66.125,69.27300262,67.98000336,59.36600113
Brazil,BRA,"Employment to population ratio, 15+, total (%) (modeled ILO estimate)",SL.EMP.TOTL.SP.ZS,60.12099838,59.52899933,59.26699829,58.40100098,57.99700165,57.9980011,58.00099945,56.99300003,54.86999893,54.36500168,54.57500076,55.14099884,49.43799973
Barbados,BRB,"Employment to population ratio, 15+, total (%) (modeled ILO estimate)",SL.EMP.TOTL.SP.ZS,62.12900162,60.25099945,59.47999954,60.02700043,58.51900101,59.00500107,56.10599899,57.69200134,60.04100037,58.82099915,58.28099823,57.06100082,53.18000031
Brunei Darussalam,BRN,"Employment to population ratio, 15+, total (%) (modeled ILO estimate)",SL.EMP.TOTL.SP.ZS,62.6230011,62.40000153,62.04800034,61.79100037,61.25,60.70999908,60.08499908,58.99200058,58.04299927,56.88399887,59.70100021,59.95299911,58.89699936
Bhutan,BTN,"Employment to population ratio, 15+, total (%) (modeled ILO estimate)",SL.EMP.TOTL.SP.ZS,67.27100372,66.94000244,65.88700104,65.21299744,63.04100037,63.42599869,60.96300125,61.5929985,61.4129982,61.2820015,61.11999893,60.89699936,57.31600189
Botswana,BWA,"Employment to population ratio, 15+, total (%) (modeled ILO estimate)",SL.EMP.TOTL.SP.ZS,50.92100143,52.13399887,48.56900024,48.34199905,48.1269989,47.95999908,47.70899963,47.4620018,47.2859993,47.06200027,46.85599899,46.6269989,45.58300018
Central African Republic,CAF,"Employment to population ratio, 15+, total (%) (modeled ILO estimate)",SL.EMP.TOTL.SP.ZS,67.77700043,67.77899933,67.64600372,67.76300049,67.87799835,67.94799805,67.97299957,67.94000244,67.85299683,67.78800201,67.74199677,67.64800262,66.38899994
Canada,CAN,"Employment to population ratio, 15+, total (%) (modeled ILO estimate)",SL.EMP.TOTL.SP.ZS,63.41199875,61.49499893,61.51699829,61.70000076,61.65200043,61.76100159,61.43000031,61.29000092,61.11000061,61.5909996,61.59700012,61.99100113,57.9640007
Central Europe and the Baltics,CEB,"Employment to population ratio, 15+, total (%) (modeled ILO estimate)",SL.EMP.TOTL.SP.ZS,51.24562141,50.36069579,49.79563994,49.71690124,49.9891275,50.09540183,51.10483505,51.80906399,52.51523024,53.76308688,54.38983224,54.76241842,54.21062812
Switzerland,CHE,"Employment to population ratio, 15+, total (%) (modeled ILO estimate)",SL.EMP.TOTL.SP.ZS,65.90599823,65.42900085,63.7840004,64.48200226,64.49500275,64.33200073,64.62999725,64.8789978,65.19599915,65.15499878,65.25499725,65.23500061,64.59899902
Channel Islands,CHI,"Employment to population ratio, 15+, total (%) (modeled ILO estimate)",SL.EMP.TOTL.SP.ZS,56.27899933,55.65599823,55.05699921,54.84199905,54.43600082,54.13499832,54.32400131,54.66999817,55.07600021,55.53300095,55.97200012,56.13700104,54.84700012
Chile,CHL,"Employment to population ratio, 15+, total (%) (modeled ILO estimate)",SL.EMP.TOTL.SP.ZS,53.11100006,51.75099945,53.7120018,55.54999924,55.71500015,56.02099991,55.97600174,55.95399857,55.60200119,55.72200012,55.51399994,55.23699951,49.11700058
China,CHN,"Employment to population ratio, 15+, total (%) (modeled ILO estimate)",SL.EMP.TOTL.SP.ZS,68.88600159,68.20500183,67.7460022,67.83599854,67.58399963,67.33999634,67.21199799,67.0739975,66.91500092,66.65299988,66.43000031,66.01499939,64.83699799
Cote d'Ivoire,CIV,"Employment to population ratio, 15+, total (%) (modeled ILO estimate)",SL.EMP.TOTL.SP.ZS,56.61700058,56.02999878,55.43299866,54.80899811,54.29999924,55.56900024,55.41400146,55.25400162,55.08499908,54.22700119,54.15599823,54.0870018,53.47900009
Cameroon,CMR,"Employment to population ratio, 15+, total (%) (modeled ILO estimate)",SL.EMP.TOTL.SP.ZS,78.02899933,75.63500214,73.09700012,73.1989975,73.29699707,73.39399719,73.48400116,73.44100189,73.39499664,73.34200287,73.28800201,73.22499847,72.3789978
"Congo, Dem. Rep.",COD,"Employment to population ratio, 15+, total (%) (modeled ILO estimate)",SL.EMP.TOTL.SP.ZS,67.35099792,66.28700256,65.23000336,64.15200043,63.06499863,63.08399963,63.09199905,63.08100128,63.07400131,63.06800079,63.05099869,63.01399994,61.40200043
"Congo, Rep.",COG,"Employment to population ratio, 15+, total (%) (modeled ILO estimate)",SL.EMP.TOTL.SP.ZS,54.32300186,54.30699921,54.2480011,54.21099854,54.24700165,54.17100143,54.18600082,54.09400177,54.0019989,53.97600174,53.90200043,53.84999847,50.70399857
Colombia,COL,"Employment to population ratio, 15+, total (%) (modeled ILO estimate)",SL.EMP.TOTL.SP.ZS,57,59.04499817,60.31999969,61.54800034,62.64899826,62.78300095,63.22399902,63.71300125,63.06800079,62.77899933,62.15999985,60.75899887,53.27000046
Comoros,COM,"Employment to population ratio, 15+, total (%) (modeled ILO estimate)",SL.EMP.TOTL.SP.ZS,40.06299973,40.19800186,40.33499908,40.47000122,40.59799957,40.73300171,40.84999847,40.79600143,40.76599884,40.7179985,40.6570015,40.5870018,39.18799973
Cabo Verde,CPV,"Employment to population ratio, 15+, total (%) (modeled ILO estimate)",SL.EMP.TOTL.SP.ZS,52.36100006,52.36199951,52.38899994,52.21300125,52.06700134,51.9679985,51.89699936,51.8390007,51.77899933,51.72399902,48.68099976,50.24200058,44.8769989
Costa Rica,CRI,"Employment to population ratio, 15+, total (%) (modeled ILO estimate)",SL.EMP.TOTL.SP.ZS,59.16999817,56.75799942,54.96500015,52.91899872,56.40599823,56.43500137,56.50999832,55.35499954,52.81999969,53.47200012,54.43000031,55.15100098,48.49700165
Caribbean small states,CSS,"Employment to population ratio, 15+, total (%) (modeled ILO estimate)",SL.EMP.TOTL.SP.ZS,57.51232734,56.02519738,55.11040414,54.8603902,54.67124197,54.67304429,55.1825006,55.27402839,55.8285016,56.40011539,56.63184884,57.21655096,53.41355491
Cuba,CUB,"Employment to population ratio, 15+, total (%) (modeled ILO estimate)",SL.EMP.TOTL.SP.ZS,53.47200012,54.67100143,53.625,53.81299973,53.76200104,53.95100021,54.31200027,54.63899994,54.87900162,55.11399841,55.20000076,55.20199966,52.14400101
Curacao,CUW,"Employment to population ratio, 15+, total (%) (modeled ILO estimate)",SL.EMP.TOTL.SP.ZS,,,,,,,,,,,,,
Cayman Islands,CYM,"Employment to population ratio, 15+, total (%) (modeled ILO estimate)",SL.EMP.TOTL.SP.ZS,,,,,,,,,,,,,
Cyprus,CYP,"Employment to population ratio, 15+, total (%) (modeled ILO estimate)",SL.EMP.TOTL.SP.ZS,61.86600113,60.31399918,60.24700165,58.72999954,55.94499969,53.25400162,53.49300003,53.00299835,53.32699966,54.81999969,57.17699814,58.50899887,57.94100189
Czech Republic,CZE,"Employment to population ratio, 15+, total (%) (modeled ILO estimate)",SL.EMP.TOTL.SP.ZS,55.93199921,54.77199936,54.18600082,54.35100174,54.54700089,55.15999985,55.68600082,56.41899872,57.5530014,58.47999954,59.20299911,59.16600037,58.26499939
Germany,DEU,"Employment to population ratio, 15+, total (%) (modeled ILO estimate)",SL.EMP.TOTL.SP.ZS,54.78499985,54.79299927,55.23199844,56.5929985,56.83800125,57.19400024,57.40200043,57.38999939,58.49599838,58.91500092,59.20899963,59.97600174,59.25299835
Djibouti,DJI,"Employment to population ratio, 15+, total (%) (modeled ILO estimate)",SL.EMP.TOTL.SP.ZS,24.31100082,24.1439991,24.02000046,23.9810009,23.94000053,23.92000008,23.90800095,23.88299942,23.88299942,23.86000061,23.74200058,23.61899948,22.51399994
Dominica,DMA,"Employment to population ratio, 15+, total (%) (modeled ILO estimate)",SL.EMP.TOTL.SP.ZS,,,,,,,,,,,,,
Denmark,DNK,"Employment to population ratio, 15+, total (%) (modeled ILO estimate)",SL.EMP.TOTL.SP.ZS,62.68500137,60.26300049,58.57899857,58.15100098,57.45000076,56.88700104,57.01499939,57.46900177,57.95700073,58.12200165,58.64899826,59.23899841,58.52199936
Dominican Republic,DOM,"Employment to population ratio, 15+, total (%) (modeled ILO estimate)",SL.EMP.TOTL.SP.ZS,54.84899902,52.43600082,53.75500107,54.61800003,55.43600082,54.91400146,55.52999878,57.29100037,57.90399933,58.73400116,60.03300095,61.04399872,56.65100098
Algeria,DZA,"Employment to population ratio, 15+, total (%) (modeled ILO estimate)",SL.EMP.TOTL.SP.ZS,36.97499847,37.22100067,37.55599976,36.15100098,37.39300156,38.95800018,36.94900131,37.0340004,37.59899902,37.51699829,37.4469986,37.41199875,34.86999893
East Asia & Pacific (excluding high income),EAP,"Employment to population ratio, 15+, total (%) (modeled ILO estimate)",SL.EMP.TOTL.SP.ZS,67.97292144,67.54919376,67.32261356,67.56452478,67.44980161,67.13215077,67.04691735,66.84352872,66.62130977,66.32522519,66.25731021,66.01443373,64.65883615
Early-demographic dividend,EAR,"Employment to population ratio, 15+, total (%) (modeled ILO estimate)",SL.EMP.TOTL.SP.ZS,54.1576404,53.68660929,53.49072042,53.14871774,52.84845339,52.54073772,52.22964755,51.95710848,51.71415419,51.55363287,51.37250553,51.50464508,48.04680638
East Asia & Pacific,EAS,"Employment to population ratio, 15+, total (%) (modeled ILO estimate)",SL.EMP.TOTL.SP.ZS,66.88980267,66.404851,66.20292941,66.44542695,66.35235181,66.11386899,66.08491956,65.93522621,65.778155,65.5744721,65.59568632,65.42826558,64.15069091
Europe & Central Asia (excluding high income),ECA,"Employment to population ratio, 15+, total (%) (modeled ILO estimate)",SL.EMP.TOTL.SP.ZS,53.52267315,52.51550849,52.99870591,53.57456244,53.90638999,53.95265893,53.95092717,53.9848165,54.08887484,54.35810134,54.57390454,54.22754183,52.51837009
Europe & Central Asia,ECS,"Employment to population ratio, 15+, total (%) (modeled ILO estimate)",SL.EMP.TOTL.SP.ZS,53.71676465,52.63139569,52.5989451,52.85728814,52.84592479,52.72861193,52.92414406,53.18920224,53.61758126,54.06927094,54.46390742,54.54777359,53.35110183
Ecuador,ECU,"Employment to population ratio, 15+, total (%) (modeled ILO estimate)",SL.EMP.TOTL.SP.ZS,63.94100189,61.05899811,60.11600113,59.64199829,60.43299866,60.34199905,60.44100189,63.28300095,64.55699921,65.53299713,64.30699921,63.6590004,56.41899872
"Egypt, Arab Rep.",EGY,"Employment to population ratio, 15+, total (%) (modeled ILO estimate)",SL.EMP.TOTL.SP.ZS,43.49900055,43.54600143,45.04499817,43.00799942,42.38000107,42.06999969,41.81600189,40.84899902,40.88700104,39.72600174,39.0929985,38.90100098,37.43700027
Euro area,EMU,"Employment to population ratio, 15+, total (%) (modeled ILO estimate)",SL.EMP.TOTL.SP.ZS,52.77248098,51.53927316,51.14953886,51.13576722,50.67102787,50.23109392,50.31530883,50.66317059,51.35138306,51.9703356,52.53453074,53.03207146,52.15549977
Eritrea,ERI,"Employment to population ratio, 15+, total (%) (modeled ILO estimate)",SL.EMP.TOTL.SP.ZS,75.29399872,75.27999878,75.13300323,75.23500061,75.33599854,75.39299774,75.40499878,75.35700226,75.25700378,75.20500183,75.18399811,75.10099792,69.27100372
Spain,ESP,"Employment to population ratio, 15+, total (%) (modeled ILO estimate)",SL.EMP.TOTL.SP.ZS,52.69100189,48.8730011,47.77099991,46.91400146,44.93799973,43.8730011,44.52799988,45.85200119,47.03300095,48.10300064,49.0870018,49.75299835,47.90299988
Estonia,EST,"Employment to population ratio, 15+, total (%) (modeled ILO estimate)",SL.EMP.TOTL.SP.ZS,57.77999878,52.49200058,50.38999939,53.74200058,55.16699982,56.03699875,56.62799835,58.27500153,58.61999893,59.99300003,60.37400055,60.81800079,59.3030014
Ethiopia,ETH,"Employment to population ratio, 15+, total (%) (modeled ILO estimate)",SL.EMP.TOTL.SP.ZS,79.76399994,79.69000244,79.62799835,79.55500031,79.47899628,79.41200256,79.29799652,79.18599701,79.09100342,78.9940033,78.89199829,78.80200195,75.01200104
European Union,EUU,"Employment to population ratio, 15+, total (%) (modeled ILO estimate)",SL.EMP.TOTL.SP.ZS,52.60741755,51.50118565,51.09767833,51.05473532,50.73641217,50.41623261,50.69868828,51.10878774,51.78199492,52.52160296,53.07977365,53.53944401,52.73953488
Fragile and conflict affected situations,FCS,"Employment to population ratio, 15+, total (%) (modeled ILO estimate)",SL.EMP.TOTL.SP.ZS,60.36812633,60.14429575,59.80523004,59.65070956,58.91699133,58.36912807,58.14436471,58.0761903,57.57074496,57.09842386,57.04753472,56.73054696,54.53522257
Finland,FIN,"Employment to population ratio, 15+, total (%) (modeled ILO estimate)",SL.EMP.TOTL.SP.ZS,57.56399918,55.5,54.92900085,55.24900055,55.15499878,54.29600143,53.83599854,53.4109993,53.44100189,53.79299927,55.06499863,55.44499969,54.44900131
Fiji,FJI,"Employment to population ratio, 15+, total (%) (modeled ILO estimate)",SL.EMP.TOTL.SP.ZS,57.44200134,58.35900116,59.35599899,60.27899933,58.96099854,57.68799973,56.36399841,55.73500061,55.0929985,54.99700165,54.89500046,54.82099915,54.14899826
France,FRA,"Employment to population ratio, 15+, total (%) (modeled ILO estimate)",SL.EMP.TOTL.SP.ZS,52.38999939,51.63499832,51.4980011,51.3030014,51.16199875,50.8409996,50.33599854,50.21300125,50.20999908,50.40399933,50.60300064,50.62200165,50.16199875
Faroe Islands,FRO,"Employment to population ratio, 15+, total (%) (modeled ILO estimate)",SL.EMP.TOTL.SP.ZS,,,,,,,,,,,,,
"Micronesia, Fed. Sts.",FSM,"Employment to population ratio, 15+, total (%) (modeled ILO estimate)",SL.EMP.TOTL.SP.ZS,,,,,,,,,,,,,
Gabon,GAB,"Employment to population ratio, 15+, total (%) (modeled ILO estimate)",SL.EMP.TOTL.SP.ZS,39.57300186,39.16899872,38.80199814,38.70899963,38.61399841,38.54700089,38.48500061,38.43899918,38.47100067,38.5,38.53300095,38.5719986,37.61299896
United Kingdom,GBR,"Employment to population ratio, 15+, total (%) (modeled ILO estimate)",SL.EMP.TOTL.SP.ZS,59.23300171,57.8429985,57.49300003,57.31900024,57.55699921,57.90200043,58.84999847,59.42399979,59.9129982,60.18600082,60.55699921,60.85599899,59.99100113
Georgia,GEO,"Employment to population ratio, 15+, total (%) (modeled ILO estimate)",SL.EMP.TOTL.SP.ZS,52.14400101,51.21300125,52.26100159,53.22100067,54.27600098,54.10900116,55.89300156,57.42399979,57.06200027,56.98199844,55.83000183,55.64899826,48.34400177
Ghana,GHA,"Employment to population ratio, 15+, total (%) (modeled ILO estimate)",SL.EMP.TOTL.SP.ZS,68.24299622,67.73999786,67.27999878,66.78199768,66.21199799,65.65799713,65.08399963,64.53399658,65.38700104,66.25,66.16400146,66.08799744,65.23100281
Gibraltar,GIB,"Employment to population ratio, 15+, total (%) (modeled ILO estimate)",SL.EMP.TOTL.SP.ZS,,,,,,,,,,,,,
Guinea,GIN,"Employment to population ratio, 15+, total (%) (modeled ILO estimate)",SL.EMP.TOTL.SP.ZS,61.30899811,61.21699905,61.19200134,61.13199997,61.06200027,60.97000122,60.88700104,60.80500031,60.73300171,60.61000061,60.4640007,60.33800125,57.9280014
"Gambia, The",GMB,"Employment to population ratio, 15+, total (%) (modeled ILO estimate)",SL.EMP.TOTL.SP.ZS,53.19100189,53.24900055,53.29999924,53.2820015,53.40599823,53.35100174,53.28499985,53.26900101,53.23799896,53.22499847,53.20199966,53.15200043,50.47999954
Guinea-Bissau,GNB,"Employment to population ratio, 15+, total (%) (modeled ILO estimate)",SL.EMP.TOTL.SP.ZS,67.36299896,67.31999969,67.15100098,67.20800018,67.26999664,67.29299927,67.27400208,67.1989975,67.12400055,67.0739975,67.04499817,66.96600342,65.83499908
Equatorial Guinea,GNQ,"Employment to population ratio, 15+, total (%) (modeled ILO estimate)",SL.EMP.TOTL.SP.ZS,51.51900101,51.44300079,51.24499893,51.25799942,51.26699829,51.26699829,51.23300171,51.14799881,51.08000183,51.02700043,50.99700165,50.92599869,49.12599945
Greece,GRC,"Employment to population ratio, 15+, total (%) (modeled ILO estimate)",SL.EMP.TOTL.SP.ZS,48.86899948,48.30799866,46.70000076,43.25500107,39.54100037,37.73699951,38.09999847,39.04399872,39.87400055,40.88800049,41.88000107,42.9659996,42.68700027
Grenada,GRD,"Employment to population ratio, 15+, total (%) (modeled ILO estimate)",SL.EMP.TOTL.SP.ZS,,,,,,,,,,,,,
Greenland,GRL,"Employment to population ratio, 15+, total (%) (modeled ILO estimate)",SL.EMP.TOTL.SP.ZS,,,,,,,,,,,,,
Guatemala,GTM,"Employment to population ratio, 15+, total (%) (modeled ILO estimate)",SL.EMP.TOTL.SP.ZS,60.08000183,59.7179985,59.48899841,59.50600052,59.13299942,58.40100098,59.07799911,59.07899857,59.12400055,59.44100189,59.60599899,59.74000168,54.82300186
Guam,GUM,"Employment to population ratio, 15+, total (%) (modeled ILO estimate)",SL.EMP.TOTL.SP.ZS,54.55599976,55.9620018,56.36500168,54.27399826,54.93199921,55.3429985,57.75699997,58.19599915,59.14099884,59.12900162,59.07300186,59.09000015,56.13499832
Guyana,GUY,"Employment to population ratio, 15+, total (%) (modeled ILO estimate)",SL.EMP.TOTL.SP.ZS,49.14799881,48.89400101,48.63199997,48.3769989,48.11299896,47.84199905,47.56900024,47.30099869,47.0530014,46.79100037,46.5320015,46.67499924,43.18199921
High income,HIC,"Employment to population ratio, 15+, total (%) (modeled ILO estimate)",SL.EMP.TOTL.SP.ZS,57.21348383,55.71152481,55.39284954,55.51119842,55.50862144,55.50889641,55.85978249,56.20551012,56.68974697,57.16894868,57.64099385,58.09117583,56.26349749
"Hong Kong SAR, China",HKG,"Employment to population ratio, 15+, total (%) (modeled ILO estimate)",SL.EMP.TOTL.SP.ZS,58.71300125,57.57300186,57.00999832,58.01599884,58.50999832,59.13899994,59.04499817,59.11600113,58.97999954,59.14899826,59.43500137,58.7859993,56.08800125
Honduras,HND,"Employment to population ratio, 15+, total (%) (modeled ILO estimate)",SL.EMP.TOTL.SP.ZS,57.6969986,58.80899811,59.35900116,57.06000137,56.20999908,59.11999893,59.60800171,60.14799881,59.05899811,60.80099869,62.73300171,59.57899857,54.50899887
Heavily indebted poor countries (HIPC),HPC,"Employment to population ratio, 15+, total (%) (modeled ILO estimate)",SL.EMP.TOTL.SP.ZS,67.55716152,67.25357939,66.80955916,66.54738689,66.24262529,66.21722023,66.09622541,65.86637175,65.83851749,65.8385358,65.85605576,65.73173082,63.50432734
Croatia,HRV,"Employment to population ratio, 15+, total (%) (modeled ILO estimate)",SL.EMP.TOTL.SP.ZS,48.5890007,48.23300171,46.47000122,44.7480011,43.18700027,42.06999969,43.30699921,44.19800186,44.59700012,45.82500076,46.875,47.71699905,47.19800186
Haiti,HTI,"Employment to population ratio, 15+, total (%) (modeled ILO estimate)",SL.EMP.TOTL.SP.ZS,54.30599976,55.04700089,55.52799988,56.20899963,56.5340004,56.68799973,56.75999832,56.7480011,56.77600098,56.8030014,56.81999969,56.7140007,54.42100143
Hungary,HUN,"Employment to population ratio, 15+, total (%) (modeled ILO estimate)",SL.EMP.TOTL.SP.ZS,46.00699997,44.85900116,44.71699905,45.09000015,45.97700119,46.86800003,49.53099823,51.03099823,52.85400009,53.92900085,54.625,55.14699936,54.48199844
IBRD only,IBD,"Employment to population ratio, 15+, total (%) (modeled ILO estimate)",SL.EMP.TOTL.SP.ZS,59.3950666,58.78378179,58.45068575,58.29825912,58.04586072,57.75894479,57.51269604,57.21211509,56.86596078,56.57315331,56.37426447,56.26656476,53.41916146
IDA & IBRD total,IBT,"Employment to population ratio, 15+, total (%) (modeled ILO estimate)",SL.EMP.TOTL.SP.ZS,59.80952713,59.28521423,59.00950257,58.854004,58.56148975,58.25745995,58.03977712,57.79691648,57.4690294,57.2468374,57.08546753,56.98870607,54.32700677
IDA total,IDA,"Employment to population ratio, 15+, total (%) (modeled ILO estimate)",SL.EMP.TOTL.SP.ZS,61.5553911,61.37004822,61.30167334,61.1040298,60.62305651,60.22504346,60.09216038,60.04198033,59.75142766,59.7593606,59.69694246,59.59752674,57.55160935
IDA blend,IDB,"Employment to population ratio, 15+, total (%) (modeled ILO estimate)",SL.EMP.TOTL.SP.ZS,57.30429928,57.28849253,57.2680333,57.14543844,56.27786819,55.38040543,55.26116868,55.30801524,54.60727845,54.08758677,53.80920086,53.80047091,52.17260692
Indonesia,IDN,"Employment to population ratio, 15+, total (%) (modeled ILO estimate)",SL.EMP.TOTL.SP.ZS,61.58499908,62.01399994,62.84500122,63.4640007,64.40599823,63.86299896,63.92200089,63.57699966,63.45899963,64.16999817,64.67299652,65.74099731,64.47699738
IDA only,IDX,"Employment to population ratio, 15+, total (%) (modeled ILO estimate)",SL.EMP.TOTL.SP.ZS,63.7100994,63.44158733,63.35323086,63.11948739,62.8356456,62.69211475,62.55199709,62.45141985,62.36645052,62.63851846,62.68114926,62.53121926,60.26948861
Isle of Man,IMN,"Employment to population ratio, 15+, total (%) (modeled ILO estimate)",SL.EMP.TOTL.SP.ZS,,,,,,,,,,,,,
India,IND,"Employment to population ratio, 15+, total (%) (modeled ILO estimate)",SL.EMP.TOTL.SP.ZS,52.25699997,51.375,50.56100082,49.7179985,48.81600189,48.23899841,47.65999985,47.08800125,46.52199936,45.98099899,45.42300034,45.60300064,41.33200073
Not classified,INX,"Employment to population ratio, 15+, total (%) (modeled ILO estimate)",SL.EMP.TOTL.SP.ZS,,,,,,,,,,,,,
Ireland,IRL,"Employment to population ratio, 15+, total (%) (modeled ILO estimate)",SL.EMP.TOTL.SP.ZS,61.47600174,56.00799942,53.50400162,52.45800018,52.11700058,53.45299911,54.43500137,55.70299911,56.97600174,57.82099915,58.60100174,59.25400162,57.69400024
"Iran, Islamic Rep.",IRN,"Employment to population ratio, 15+, total (%) (modeled ILO estimate)",SL.EMP.TOTL.SP.ZS,37.03499985,37.23899841,35.9090004,34.99499893,35.58300018,36.24300003,35.93299866,36.73099899,37.21500015,38.39099884,38.6629982,38.9980011,35.96699905
Iraq,IRQ,"Employment to population ratio, 15+, total (%) (modeled ILO estimate)",SL.EMP.TOTL.SP.ZS,38.03900146,37.94499969,37.87200165,37.79299927,37.72700119,38.06999969,38.38399887,38.42399979,38.48099899,36.43600082,36.63800049,36.63199997,35.55599976
Iceland,ISL,"Employment to population ratio, 15+, total (%) (modeled ILO estimate)",SL.EMP.TOTL.SP.ZS,73.8259964,69.25099945,69.23799896,69.08599854,69.88899994,71.05000305,72.53299713,73.95500183,75.43299866,74.54000092,73.25700378,71.73999786,68.32099915
Israel,ISR,"Employment to population ratio, 15+, total (%) (modeled ILO estimate)",SL.EMP.TOTL.SP.ZS,57.97399902,56.87799835,57.89599991,58.53900146,59.2179985,59.72499847,60.4280014,60.72499847,61.06100082,61.29899979,61.3730011,61.0870018,59.11399841
Italy,ITA,"Employment to population ratio, 15+, total (%) (modeled ILO estimate)",SL.EMP.TOTL.SP.ZS,45.79999924,44.72299957,44.18000031,44.11500168,43.85300064,42.86199951,42.8390007,43.14300156,43.71300125,44.22600174,44.6230011,44.92599869,44.06600189
Jamaica,JAM,"Employment to population ratio, 15+, total (%) (modeled ILO estimate)",SL.EMP.TOTL.SP.ZS,58.36700058,56.31299973,54.64599991,54.38800049,53.26900101,53.4090004,54.18899918,54.61800003,56.22700119,57.51100159,58.2120018,59.65999985,55.70700073
Jordan,JOR,"Employment to population ratio, 15+, total (%) (modeled ILO estimate)",SL.EMP.TOTL.SP.ZS,34.06900024,33.99399948,34.30099869,34.29000092,34.71900177,34.70100021,35.09199905,34.74499893,33.97000122,32.90000153,32.00500107,32.64400101,30.59700012
Japan,JPN,"Employment to population ratio, 15+, total (%) (modeled ILO estimate)",SL.EMP.TOTL.SP.ZS,57.75400162,56.82500076,56.54100037,56.55400085,56.43700027,56.9280014,57.26200104,57.57400131,58.13999939,58.80599976,60.02399826,60.61000061,60.26399994
Kazakhstan,KAZ,"Employment to population ratio, 15+, total (%) (modeled ILO estimate)",SL.EMP.TOTL.SP.ZS,66.41400146,65.45200348,66.30000305,66.64700317,66.79599762,66.93800354,67.16999817,67.39499664,66.60099792,65.85700226,66.72899628,66.71600342,65.81600189
Kenya,KEN,"Employment to population ratio, 15+, total (%) (modeled ILO estimate)",SL.EMP.TOTL.SP.ZS,71.32900238,71.46800232,71.61599731,71.73100281,71.84999847,71.98100281,72.10399628,72.23100281,72.35600281,71.67099762,70.99500275,70.29799652,68.90100098
Kyrgyz Republic,KGZ,"Employment to population ratio, 15+, total (%) (modeled ILO estimate)",SL.EMP.TOTL.SP.ZS,59.61999893,58.53499985,58.72600174,59.31800079,58.7879982,57.25699997,57.33100128,57.66400146,57.09400177,55.93999863,54.76100159,54.57899857,51.0320015
Cambodia,KHM,"Employment to population ratio, 15+, total (%) (modeled ILO estimate)",SL.EMP.TOTL.SP.ZS,80.95899963,81.54399872,84.09700012,84.94400024,82.56600189,79.86699677,79.73600006,79.29000092,81.14199829,81.29599762,81.17500305,81.06099701,79.27500153
Kiribati,KIR,"Employment to population ratio, 15+, total (%) (modeled ILO estimate)",SL.EMP.TOTL.SP.ZS,,,,,,,,,,,,,
St. Kitts and Nevis,KNA,"Employment to population ratio, 15+, total (%) (modeled ILO estimate)",SL.EMP.TOTL.SP.ZS,,,,,,,,,,,,,
"Korea, Rep.",KOR,"Employment to population ratio, 15+, total (%) (modeled ILO estimate)",SL.EMP.TOTL.SP.ZS,60.13600159,59.22100067,59.32300186,59.68999863,59.97600174,60.19800186,60.97200012,60.92699814,60.89300156,61.1629982,60.93999863,61.18600082,60.34199905
Kuwait,KWT,"Employment to population ratio, 15+, total (%) (modeled ILO estimate)",SL.EMP.TOTL.SP.ZS,68.13800049,68.78900146,69.23100281,69.63700104,69.98699951,70.31400299,70.64900208,71.69000244,72.24500275,72.62799835,72.68199921,72.74900055,66.45500183
Latin America & Caribbean (excluding high income),LAC,"Employment to population ratio, 15+, total (%) (modeled ILO estimate)",SL.EMP.TOTL.SP.ZS,59.66387555,59.29188458,59.27092623,59.10391253,59.21686043,59.15921854,59.09516419,58.7688402,57.99817386,57.89181126,58.11998329,58.30858175,52.34020361
Lao PDR,LAO,"Employment to population ratio, 15+, total (%) (modeled ILO estimate)",SL.EMP.TOTL.SP.ZS,77.90399933,77.77600098,77.66500092,77.52300262,77.38600159,77.25,77.11599731,76.99099731,76.8730011,76.75900269,76.65000153,76.56900024,75.70200348
Lebanon,LBN,"Employment to population ratio, 15+, total (%) (modeled ILO estimate)",SL.EMP.TOTL.SP.ZS,39.75,39.97600174,39.59000015,39.56600189,39.53300095,39.42499924,39.32699966,39.2840004,39.18600082,39.05599976,39.01499939,39.13100052,36.66899872
Liberia,LBR,"Employment to population ratio, 15+, total (%) (modeled ILO estimate)",SL.EMP.TOTL.SP.ZS,75.48300171,75.47000122,75.44100189,75.46700287,75.47899628,75.47899628,75.45899963,75.39800262,74.56999969,74.52899933,74.47299957,74.40899658,71.02999878
Libya,LBY,"Employment to population ratio, 15+, total (%) (modeled ILO estimate)",SL.EMP.TOTL.SP.ZS,38.59999847,38.58800125,38.6230011,38.52999878,38.6629982,38.42300034,38.38100052,38.30899811,38.29199982,38.35400009,38.30500031,38.20399857,37.64799881
St. Lucia,LCA,"Employment to population ratio, 15+, total (%) (modeled ILO estimate)",SL.EMP.TOTL.SP.ZS,57.78499985,56.27500153,55.35800171,54.42100143,55.8730011,53.86999893,54.70700073,55.42200089,56.26499939,57.02500153,57.13000107,58.85300064,56.40399933
Latin America & Caribbean,LCN,"Employment to population ratio, 15+, total (%) (modeled ILO estimate)",SL.EMP.TOTL.SP.ZS,59.33177137,58.93446379,58.93178613,58.84558847,58.9438331,58.93073139,58.85663486,58.53457744,57.79791005,57.64665121,57.76549693,57.74357014,51.95104436
Least developed countries: UN classification,LDC,"Employment to population ratio, 15+, total (%) (modeled ILO estimate)",SL.EMP.TOTL.SP.ZS,65.09995148,64.84534604,64.6582143,64.44536995,64.13766657,63.90855729,63.72673638,63.59588411,63.46351466,63.72271023,63.76036761,63.63413874,61.32603116
Low income,LIC,"Employment to population ratio, 15+, total (%) (modeled ILO estimate)",SL.EMP.TOTL.SP.ZS,65.40325859,65.20065212,64.88783008,64.70912989,64.45008796,64.3781611,64.21036358,64.12660152,64.08766877,64.05885842,64.03660276,63.99737935,61.68910799
Liechtenstein,LIE,"Employment to population ratio, 15+, total (%) (modeled ILO estimate)",SL.EMP.TOTL.SP.ZS,,,,,,,,,,,,,
Sri Lanka,LKA,"Employment to population ratio, 15+, total (%) (modeled ILO estimate)",SL.EMP.TOTL.SP.ZS,50.94200134,50.38800049,50.74300003,50.69200134,50.52999878,51.34700012,50.88499832,51.24399948,51.45199966,51.8030014,49.48600006,48.9280014,45.60900116
Lower middle income,LMC,"Employment to population ratio, 15+, total (%) (modeled ILO estimate)",SL.EMP.TOTL.SP.ZS,55.37472816,54.99442396,54.75740423,54.3247164,53.83796098,53.43526849,53.11362537,52.78077884,52.40632387,52.14852455,51.91881021,52.05225573,49.05269531
Low & middle income,LMY,"Employment to population ratio, 15+, total (%) (modeled ILO estimate)",SL.EMP.TOTL.SP.ZS,59.98182013,59.45827496,59.17865054,59.01417676,58.71854413,58.40732125,58.1798887,57.93154119,57.59688503,57.37081999,57.21307086,57.13360858,54.46938102
Lesotho,LSO,"Employment to population ratio, 15+, total (%) (modeled ILO estimate)",SL.EMP.TOTL.SP.ZS,48.51699829,48.61199951,48.8370018,48.97399902,49.12400055,49.20399857,49.3769989,49.55099869,49.75699997,49.89099884,50.0929985,50.28900146,47.68299866
Late-demographic dividend,LTE,"Employment to population ratio, 15+, total (%) (modeled ILO estimate)",SL.EMP.TOTL.SP.ZS,65.69404371,65.10741651,64.86476198,65.00623772,64.89933507,64.72357547,64.70643162,64.52617875,64.18817134,63.97947618,63.87926338,63.58549782,61.76660441
Lithuania,LTU,"Employment to population ratio, 15+, total (%) (modeled ILO estimate)",SL.EMP.TOTL.SP.ZS,52.56600189,48.7519989,46.70000076,48.55799866,50.01699829,51.17300034,52.62400055,53.76499939,55.58800125,56.31600189,57.76499939,58.20299911,57.29399872
Luxembourg,LUX,"Employment to population ratio, 15+, total (%) (modeled ILO estimate)",SL.EMP.TOTL.SP.ZS,53.17599869,55.18199921,55.18399811,54.76800156,55.72999954,55.91600037,56.56499863,55.97900009,55.20500183,56.0359993,56.53300095,57.25999832,56.68399811
Latvia,LVA,"Employment to population ratio, 15+, total (%) (modeled ILO estimate)",SL.EMP.TOTL.SP.ZS,56.7859993,49.60100174,47.40999985,49.0340004,50.74100113,52.37599945,52.8390007,54.14099884,54.59600067,55.52600098,56.88700104,57.36600113,56.67499924
"Macao SAR, China",MAC,"Employment to population ratio, 15+, total (%) (modeled ILO estimate)",SL.EMP.TOTL.SP.ZS,68.52100372,69.44200134,69.44999695,70.65399933,70.93499756,71.39600372,72.56500244,72.36599731,70.89700317,69.39099884,69.60299683,69.06999969,67.84200287
St. Martin (French part),MAF,"Employment to population ratio, 15+, total (%) (modeled ILO estimate)",SL.EMP.TOTL.SP.ZS,,,,,,,,,,,,,
Morocco,MAR,"Employment to population ratio, 15+, total (%) (modeled ILO estimate)",SL.EMP.TOTL.SP.ZS,45.74900055,45.61100006,45.09999847,44.77999878,44.05799866,43.85100174,43.39799881,42.97900009,42.22100067,41.29499817,41.24399948,41.22200012,38.21300125
Monaco,MCO,"Employment to population ratio, 15+, total (%) (modeled ILO estimate)",SL.EMP.TOTL.SP.ZS,,,,,,,,,,,,,
Moldova,MDA,"Employment to population ratio, 15+, total (%) (modeled ILO estimate)",SL.EMP.TOTL.SP.ZS,42.52700043,40.03300095,38.50999832,39.44599915,38.44800186,39.25999832,41.66600037,42.38899994,42.96099854,40.47000122,35.76699829,40.10499954,38.77999878
Madagascar,MDG,"Employment to population ratio, 15+, total (%) (modeled ILO estimate)",SL.EMP.TOTL.SP.ZS,83.66600037,83.27100372,82.95300293,84.48899841,86.03099823,85.63300323,85.23600006,84.83399963,84.77400208,84.71499634,84.65699768,84.60399628,82.0019989
Maldives,MDV,"Employment to population ratio, 15+, total (%) (modeled ILO estimate)",SL.EMP.TOTL.SP.ZS,46.60800171,46.00400162,46.92399979,48.06600189,49.31999969,50.44599915,51.64599991,52.90100098,54.09400177,54.28099823,54.30699921,54.23300171,52.18000031
Middle East & North Africa,MEA,"Employment to population ratio, 15+, total (%) (modeled ILO estimate)",SL.EMP.TOTL.SP.ZS,42.17328254,42.31043532,42.55170193,41.92271587,42.13884881,42.40632587,42.13291422,42.13534985,42.34417764,42.08817242,42.03896863,42.33513654,40.40309144
Mexico,MEX,"Employment to population ratio, 15+, total (%) (modeled ILO estimate)",SL.EMP.TOTL.SP.ZS,57.61999893,56.68000031,56.4980011,56.66999817,57.45600128,57.31999969,56.88600159,57.22299957,57.37599945,57.31100082,57.59700012,58.00899887,53.04000092
Marshall Islands,MHL,"Employment to population ratio, 15+, total (%) (modeled ILO estimate)",SL.EMP.TOTL.SP.ZS,,,,,,,,,,,,,
Middle income,MIC,"Employment to population ratio, 15+, total (%) (modeled ILO estimate)",SL.EMP.TOTL.SP.ZS,59.58391438,59.03041961,58.74679512,58.57711291,58.27231986,57.93559889,57.69610341,57.42651038,57.05926674,56.80769385,56.62843742,56.53462603,53.82705221
North Macedonia,MKD,"Employment to population ratio, 15+, total (%) (modeled ILO estimate)",SL.EMP.TOTL.SP.ZS,36.51100159,37.6269989,37.85800171,38.06999969,38.05599976,39.65399933,40.24599838,40.94200134,41.86999893,42.79199982,43.74399948,45.89599991,43.37900162
Mali,MLI,"Employment to population ratio, 15+, total (%) (modeled ILO estimate)",SL.EMP.TOTL.SP.ZS,63.07400131,63.94300079,64.81199646,65.68900299,65.90000153,66.12999725,66.11399841,65.10600281,64.5759964,64.03500366,63.98300171,63.91899872,63.13899994
Malta,MLT,"Employment to population ratio, 15+, total (%) (modeled ILO estimate)",SL.EMP.TOTL.SP.ZS,47.05699921,46.76900101,47.29199982,48.15800095,49.31100082,50.81299973,52.10900116,52.74100113,54.06900024,55.58399963,57.88100052,59.27399826,59.68399811
Myanmar,MMR,"Employment to population ratio, 15+, total (%) (modeled ILO estimate)",SL.EMP.TOTL.SP.ZS,65.82800293,65.51899719,65.23400116,65.05400085,64.86199951,64.63500214,64.41100311,64.21199799,62.25099945,60.28499985,60.96500015,59.19300079,56.13899994
Middle East & North Africa (excluding high income),MNA,"Employment to population ratio, 15+, total (%) (modeled ILO estimate)",SL.EMP.TOTL.SP.ZS,39.64436757,39.67744331,39.64645167,38.65711054,38.70823057,38.94544167,38.53804071,38.45667338,38.5546052,38.23390431,38.11218946,38.16788745,36.11426951
Montenegro,MNE,"Employment to population ratio, 15+, total (%) (modeled ILO estimate)",SL.EMP.TOTL.SP.ZS,40.37200165,39.52299881,39.20899963,39.15299988,40.04700089,40.3390007,43.22999954,44.30599976,44.85900116,45.88499832,47.51300049,48.72999954,43.79999924
Mongolia,MNG,"Employment to population ratio, 15+, total (%) (modeled ILO estimate)",SL.EMP.TOTL.SP.ZS,55.15299988,55.04399872,55.47200012,57.70000076,57.70000076,56.97399902,57.20600128,56.9129982,54.47800064,55.77199936,56.27099991,57.20000076,54.65000153
Northern Mariana Islands,MNP,"Employment to population ratio, 15+, total (%) (modeled ILO estimate)",SL.EMP.TOTL.SP.ZS,,,,,,,,,,,,,
Mozambique,MOZ,"Employment to population ratio, 15+, total (%) (modeled ILO estimate)",SL.EMP.TOTL.SP.ZS,80.78299713,80.18900299,79.58499908,78.96900177,78.33399963,77.68399811,77.02100372,76.33899689,76.29499817,76.2539978,76.20800018,76.15599823,75.16300201
Mauritania,MRT,"Employment to population ratio, 15+, total (%) (modeled ILO estimate)",SL.EMP.TOTL.SP.ZS,42.44599915,42.06600189,41.69400024,41.31999969,40.94200134,40.86899948,40.79700089,40.72900009,40.64400101,40.58000183,40.51399994,40.4620018,39.68600082
Mauritius,MUS,"Employment to population ratio, 15+, total (%) (modeled ILO estimate)",SL.EMP.TOTL.SP.ZS,53.13100052,53.17900085,53.6269989,52.94400024,53.13999939,54.1780014,54.3219986,54.69300079,54.32400131,54.52500153,54.05899811,54.5340004,52.29000092
Malawi,MWI,"Employment to population ratio, 15+, total (%) (modeled ILO estimate)",SL.EMP.TOTL.SP.ZS,73.06199646,73.07800293,73.08499908,73.08899689,73.08899689,73.11399841,73.09300232,73.05599976,73.01499939,72.98400116,72.90899658,72.82900238,70.02899933
Malaysia,MYS,"Employment to population ratio, 15+, total (%) (modeled ILO estimate)",SL.EMP.TOTL.SP.ZS,58.22100067,58.24700165,58.32300186,59.61600113,60.6590004,62.0359993,62.43799973,62.4620018,62.10699844,62.20399857,62.64199829,63.03499985,61.9980011
North America,NAC,"Employment to population ratio, 15+, total (%) (modeled ILO estimate)",SL.EMP.TOTL.SP.ZS,61.40092668,58.67089959,57.93420524,57.86655007,58.07231903,58.12044904,58.46029883,58.75721783,59.0832687,59.48270966,59.7641171,60.1417635,56.19012148
Namibia,NAM,"Employment to population ratio, 15+, total (%) (modeled ILO estimate)",SL.EMP.TOTL.SP.ZS,43.88899994,44.09600067,44.36600113,46.11100006,47.88199997,49.95800018,49.56399918,47.95899963,46.33499908,46.75600052,47.17499924,47.11000061,45.55599976
New Caledonia,NCL,"Employment to population ratio, 15+, total (%) (modeled ILO estimate)",SL.EMP.TOTL.SP.ZS,57.54199982,57.93299866,57.47700119,56.72999954,55.97299957,55.32300186,54.66199875,54.58499908,54.5929985,54.52700043,54.47900009,54.43099976,52.47600174
Niger,NER,"Employment to population ratio, 15+, total (%) (modeled ILO estimate)",SL.EMP.TOTL.SP.ZS,78.09500122,78.46900177,78.87000275,79.26599884,75.96099854,74.63400269,73.18699646,73.16600037,73.16100311,73.14299774,73.1190033,73.08499908,72.33899689
Nigeria,NGA,"Employment to population ratio, 15+, total (%) (modeled ILO estimate)",SL.EMP.TOTL.SP.ZS,58.05199814,58.08000183,58.10100174,58.13299942,55.69599915,53.22499847,52.69400024,52.77600098,51.20500183,50.41899872,50.32899857,50.23500061,48.2519989
Nicaragua,NIC,"Employment to population ratio, 15+, total (%) (modeled ILO estimate)",SL.EMP.TOTL.SP.ZS,59.04600143,58.125,58.64599991,59.81000137,60.95199966,61.22399902,62.03300095,62.04000092,62.67699814,63.18799973,61.75500107,61.56000137,59.29399872
Netherlands,NLD,"Employment to population ratio, 15+, total (%) (modeled ILO estimate)",SL.EMP.TOTL.SP.ZS,62.92599869,62.5929985,61.60400009,61.32600021,61.21699905,60.2480011,59.61199951,59.95700073,60.23799896,60.91199875,61.81800079,62.59000015,62.08399963
Norway,NOR,"Employment to population ratio, 15+, total (%) (modeled ILO estimate)",SL.EMP.TOTL.SP.ZS,65.7009964,64.37999725,63.37799835,63.10699844,63.26300049,62.77700043,62.60300064,62.18600082,61.5,61.07899857,61.68299866,61.81200027,61.00899887
Nepal,NPL,"Employment to population ratio, 15+, total (%) (modeled ILO estimate)",SL.EMP.TOTL.SP.ZS,82.22200012,81.95999908,81.66600037,81.45500183,81.21299744,81.06700134,80.78099823,80.67900085,80.93800354,80.59700012,80.70899963,80.77700043,73.70200348
Nauru,NRU,"Employment to population ratio, 15+, total (%) (modeled ILO estimate)",SL.EMP.TOTL.SP.ZS,,,,,,,,,,,,,
New Zealand,NZL,"Employment to population ratio, 15+, total (%) (modeled ILO estimate)",SL.EMP.TOTL.SP.ZS,65.42299652,63.74499893,63.19300079,63.47499847,62.90599823,63.8030014,64.95999908,65.05899811,66.36699677,67.5490036,67.83000183,67.65000153,67.02600098
OECD members,OED,"Employment to population ratio, 15+, total (%) (modeled ILO estimate)",SL.EMP.TOTL.SP.ZS,56.51014656,55.12103304,54.88457941,55.07668471,55.16065624,55.17183858,55.41976308,55.77370339,56.18329413,56.63204701,57.04947638,57.26632547,54.84186234
Oman,OMN,"Employment to population ratio, 15+, total (%) (modeled ILO estimate)",SL.EMP.TOTL.SP.ZS,59.03099823,60.24900055,61.43600082,62.65000153,63.88899994,65.03199768,66.16200256,67.32800293,68.45600128,69.17099762,69.79199982,69.88700104,65.01899719
Other small states,OSS,"Employment to population ratio, 15+, total (%) (modeled ILO estimate)",SL.EMP.TOTL.SP.ZS,54.61732666,54.63209211,54.64950415,55.01807966,55.31007179,55.66787058,55.88444386,56.0444051,56.06278441,56.31382559,56.54726183,56.74071371,54.95868791
Pakistan,PAK,"Employment to population ratio, 15+, total (%) (modeled ILO estimate)",SL.EMP.TOTL.SP.ZS,49.86999893,50.26699829,50.66899872,50.36399841,50.16600037,49.93199921,50.06700134,50.17300034,49.73099899,49.32600021,48.90999985,49.14500046,47.72900009
Panama,PAN,"Employment to population ratio, 15+, total (%) (modeled ILO estimate)",SL.EMP.TOTL.SP.ZS,61.29600143,61.67900085,59.38499832,59.04100037,60.79199982,61.49200058,60.94400024,60.9109993,60.88600159,60.08800125,61.49900055,62.42300034,50.47000122
Peru,PER,"Employment to population ratio, 15+, total (%) (modeled ILO estimate)",SL.EMP.TOTL.SP.ZS,75.59700012,75.88500214,76.89499664,76.52100372,75.91799927,75.08000183,74.58599854,73.41799927,73.95700073,74.15899658,74.48600006,74.74500275,60.56499863
Philippines,PHL,"Employment to population ratio, 15+, total (%) (modeled ILO estimate)",SL.EMP.TOTL.SP.ZS,58.79800034,59.06800079,59.2120018,59.99599838,59.56900024,59.29899979,59.93199921,59.52500153,59.92699814,57.63199997,57.59999847,58.10900116,53.36999893
Palau,PLW,"Employment to population ratio, 15+, total (%) (modeled ILO estimate)",SL.EMP.TOTL.SP.ZS,,,,,,,,,,,,,
Papua New Guinea,PNG,"Employment to population ratio, 15+, total (%) (modeled ILO estimate)",SL.EMP.TOTL.SP.ZS,52.26900101,49.84500122,47.3730011,47.09999847,47.07600021,47.03300095,46.85200119,46.63100052,46.57899857,46.53099823,46.57099915,46.54000092,46.02899933
Poland,POL,"Employment to population ratio, 15+, total (%) (modeled ILO estimate)",SL.EMP.TOTL.SP.ZS,50.36000061,50.43299866,49.98699951,50.20100021,50.23300171,50.1609993,51.19300079,51.94800186,52.75699997,53.68000031,54.17100143,54.35699844,54.31800079
Pre-demographic dividend,PRE,"Employment to population ratio, 15+, total (%) (modeled ILO estimate)",SL.EMP.TOTL.SP.ZS,63.24136332,63.00918687,62.50705369,62.35786114,61.62546302,61.05315034,60.82695231,60.74975911,60.39136405,60.03280657,59.96273888,59.88167197,58.09882071
Puerto Rico,PRI,"Employment to population ratio, 15+, total (%) (modeled ILO estimate)",SL.EMP.TOTL.SP.ZS,37.60499954,35.74000168,34.91199875,34.1230011,34.58000183,34.63000107,34.76599884,35.51300049,35.63299942,36.09000015,36.77700043,37.10499954,34.97600174
"Korea, Dem. People's Rep.",PRK,"Employment to population ratio, 15+, total (%) (modeled ILO estimate)",SL.EMP.TOTL.SP.ZS,79.93699646,79.96499634,80.05000305,79.98200226,79.94200134,79.93000031,79.96600342,80.00800323,79.91600037,80.06400299,80.24199677,80.31500244,79.28099823
Portugal,PRT,"Employment to population ratio, 15+, total (%) (modeled ILO estimate)",SL.EMP.TOTL.SP.ZS,57.35599899,55.57400131,54.63600159,52.8370018,50.81700134,49.70500183,50.65000153,51.31000137,51.97999954,53.72999954,54.97800064,55.43199921,54.08000183
Paraguay,PRY,"Employment to population ratio, 15+, total (%) (modeled ILO estimate)",SL.EMP.TOTL.SP.ZS,66.23699951,65.81900024,64.64399719,64.7480011,68.36499786,66.80999756,64.54199982,64.83200073,66.29699707,66.96399689,67.40000153,67.6190033,64.8259964
West Bank and Gaza,PSE,"Employment to population ratio, 15+, total (%) (modeled ILO estimate)",SL.EMP.TOTL.SP.ZS,30.3579998,31.44599915,31.43199921,34.08100128,33.67699814,33.48600006,33.47299957,33.85699844,33.29100037,32.70100021,32.04000092,33.05199814,30.3409996
Pacific island small states,PSS,"Employment to population ratio, 15+, total (%) (modeled ILO estimate)",SL.EMP.TOTL.SP.ZS,63.46336806,63.94612719,64.57033239,65.12724577,64.52833059,64.13810112,63.6586992,63.52065038,63.33243497,63.36933447,63.40110928,63.46884633,62.78018611
Post-demographic dividend,PST,"Employment to population ratio, 15+, total (%) (modeled ILO estimate)",SL.EMP.TOTL.SP.ZS,57.20014802,55.65386948,55.25254223,55.27523759,55.22932488,55.22465266,55.49562701,55.82689368,56.28102842,56.77021264,57.26145411,57.68430029,55.81255201
French Polynesia,PYF,"Employment to population ratio, 15+, total (%) (modeled ILO estimate)",SL.EMP.TOTL.SP.ZS,49.50600052,49.34700012,49.41500092,49.39699936,49.47600174,49.50099945,49.48199844,49.47600174,49.45399857,49.39500046,49.3370018,49.2879982,46.6570015
Qatar,QAT,"Employment to population ratio, 15+, total (%) (modeled ILO estimate)",SL.EMP.TOTL.SP.ZS,84.81500244,86.04299927,86.76599884,86.62400055,86.83000183,87.23400116,87.64700317,88.10299683,88.04699707,88.02500153,88.08100128,88.22100067,87.22200012
Romania,ROU,"Employment to population ratio, 15+, total (%) (modeled ILO estimate)",SL.EMP.TOTL.SP.ZS,51.35400009,50.70500183,51.05099869,50.22499847,50.90200043,50.65800095,51.13899994,50.82600021,50.55099869,52.23099899,52.67599869,52.98400116,52.29000092
Russian Federation,RUS,"Employment to population ratio, 15+, total (%) (modeled ILO estimate)",SL.EMP.TOTL.SP.ZS,58.56200027,57.28499985,57.83800125,58.59000015,59.27999878,59.17300034,59.39799881,59.14199829,59.27999878,59.49000168,59.81100082,59.4109993,58.43000031
Rwanda,RWA,"Employment to population ratio, 15+, total (%) (modeled ILO estimate)",SL.EMP.TOTL.SP.ZS,83.55599976,83.39199829,83.23999786,83.08699799,82.93299866,82.76599884,82.61199951,82.60399628,82.56700134,82.54499817,82.54199982,82.52300262,80.93699646
South Asia,SAS,"Employment to population ratio, 15+, total (%) (modeled ILO estimate)",SL.EMP.TOTL.SP.ZS,52.58444641,51.88952391,51.36704476,50.64475289,49.88394541,49.38810146,48.92869359,48.48823068,48.00423999,47.74712648,47.25942314,47.42044789,43.60644491
Saudi Arabia,SAU,"Employment to population ratio, 15+, total (%) (modeled ILO estimate)",SL.EMP.TOTL.SP.ZS,47.73500061,47.20600128,48.67200089,50.10200119,51.13299942,50.99200058,50.9679985,51,51.84500122,51.68500137,52.48600006,55.48799896,56.45600128
Sudan,SDN,"Employment to population ratio, 15+, total (%) (modeled ILO estimate)",SL.EMP.TOTL.SP.ZS,42.68500137,43.50299835,42.3219986,41.1230011,41.04999924,41,40.9109993,40.79899979,40.70899963,40.6230011,40.51699829,40.39699936,38.2820015
Senegal,SEN,"Employment to population ratio, 15+, total (%) (modeled ILO estimate)",SL.EMP.TOTL.SP.ZS,44.02999878,43.54100037,43.06600189,42.56999969,42.55400085,42.5,42.47299957,42.41500092,43.43600082,43.7480011,43.88800049,44.01900101,42.69400024
Singapore,SGP,"Employment to population ratio, 15+, total (%) (modeled ILO estimate)",SL.EMP.TOTL.SP.ZS,65.52799988,64.26000214,65.9940033,66.43099976,67.21299744,67.15399933,67.98000336,68.67500305,68.19000244,67.99900055,68.05699921,68.58300018,66.27999878
Solomon Islands,SLB,"Employment to population ratio, 15+, total (%) (modeled ILO estimate)",SL.EMP.TOTL.SP.ZS,84.48100281,84.48999786,84.80200195,84.87999725,85.05699921,85.36699677,85.33799744,85.33999634,85.36299896,85.33899689,85.30400085,85.27600098,84.32900238
Sierra Leone,SLE,"Employment to population ratio, 15+, total (%) (modeled ILO estimate)",SL.EMP.TOTL.SP.ZS,60.09600067,59.13800049,58.17900085,57.2140007,56.25500107,55.2879982,54.28499985,54.18000031,54.1570015,54.09000015,54.01900101,53.94300079,53.125
El Salvador,SLV,"Employment to population ratio, 15+, total (%) (modeled ILO estimate)",SL.EMP.TOTL.SP.ZS,56.24100113,55.27000046,56.61800003,56.93199921,57.63199997,58.15100098,56.70800018,55.9129982,56.20800018,55.90999985,55.74200058,56.58000183,51.99900055
San Marino,SMR,"Employment to population ratio, 15+, total (%) (modeled ILO estimate)",SL.EMP.TOTL.SP.ZS,,,,,,,,,,,,,
Somalia,SOM,"Employment to population ratio, 15+, total (%) (modeled ILO estimate)",SL.EMP.TOTL.SP.ZS,28.00099945,27.99300003,27.95999908,27.94400024,27.90800095,27.86000061,27.80900002,27.76499939,27.72200012,27.68400002,27.65699959,27.62299919,27.05900002
Serbia,SRB,"Employment to population ratio, 15+, total (%) (modeled ILO estimate)",SL.EMP.TOTL.SP.ZS,44.43600082,41.20000076,37.91799927,35.77999878,35.49200058,37.73400116,41.95700073,42.47900009,45.19200134,46.69499969,47.5530014,48.95399857,49.09799957
Sub-Saharan Africa (excluding high income),SSA,"Employment to population ratio, 15+, total (%) (modeled ILO estimate)",SL.EMP.TOTL.SP.ZS,65.30928432,64.96964087,64.41552771,64.31489311,63.77850951,63.37791761,63.21096498,63.21782043,62.91518391,62.75348134,62.69077569,62.5831615,60.61389469
South Sudan,SSD,"Employment to population ratio, 15+, total (%) (modeled ILO estimate)",SL.EMP.TOTL.SP.ZS,65.1760025,65.1210022,65.06600189,65.02899933,64.99900055,65.00900269,64.91400146,64.79100037,64.73400116,64.72100067,64.68800354,64.64600372,61.19100189
Sub-Saharan Africa,SSF,"Employment to population ratio, 15+, total (%) (modeled ILO estimate)",SL.EMP.TOTL.SP.ZS,65.30928432,64.96964087,64.41552771,64.31489311,63.77850951,63.37791761,63.21096498,63.21782043,62.91518391,62.75348134,62.69077569,62.5831615,60.61389469
Small states,SST,"Employment to population ratio, 15+, total (%) (modeled ILO estimate)",SL.EMP.TOTL.SP.ZS,55.69761502,55.41155373,55.26120184,55.50798997,55.65284961,55.89813885,56.13480043,56.26390014,56.37567047,56.67666841,56.89870857,57.15909913,55.05323326
Sao Tome and Principe,STP,"Employment to population ratio, 15+, total (%) (modeled ILO estimate)",SL.EMP.TOTL.SP.ZS,46.2480011,46.46500015,46.77399826,47.04700089,47.3409996,47.31800079,47.27999878,47.18799973,47.09600067,46.98400116,46.85300064,46.71500015,44.74900055
Suriname,SUR,"Employment to population ratio, 15+, total (%) (modeled ILO estimate)",SL.EMP.TOTL.SP.ZS,47.06800079,47.65999985,48.99900055,49.31000137,49.52399826,50.85300064,51.18500137,51.54600143,51.66600037,51.70500183,51.75799942,51.62599945,48.27700043
Slovak Republic,SVK,"Employment to population ratio, 15+, total (%) (modeled ILO estimate)",SL.EMP.TOTL.SP.ZS,53.6609993,51.7879982,50.50699997,50.76599884,50.94400024,50.84999847,51.52799988,52.79299927,54.24300003,55.07600021,55.88000107,56.25799942,55.09999847
Slovenia,SVN,"Employment to population ratio, 15+, total (%) (modeled ILO estimate)",SL.EMP.TOTL.SP.ZS,56.88999939,55.95700073,54.88600159,53.18799973,52.45299911,51.4679985,52.0929985,52.18399811,52.0719986,54.59700012,55.80500031,55.48600006,54.89899826
Sweden,SWE,"Employment to population ratio, 15+, total (%) (modeled ILO estimate)",SL.EMP.TOTL.SP.ZS,59.81600189,58.00500107,57.69499969,58.45500183,58.39599991,58.74700165,58.89400101,59.24499893,59.59199905,59.9980011,60.29499817,60.02899933,59.0320015
Eswatini,SWZ,"Employment to population ratio, 15+, total (%) (modeled ILO estimate)",SL.EMP.TOTL.SP.ZS,37.38800049,37.66999817,37.9659996,38.23500061,38.52099991,38.76900101,39.01900101,39.31000137,39.52099991,39.43700027,39.36399841,39.27799988,36.45899963
Sint Maarten (Dutch part),SXM,"Employment to population ratio, 15+, total (%) (modeled ILO estimate)",SL.EMP.TOTL.SP.ZS,,,,,,,,,,,,,
Seychelles,SYC,"Employment to population ratio, 15+, total (%) (modeled ILO estimate)",SL.EMP.TOTL.SP.ZS,,,,,,,,,,,,,
Syrian Arab Republic,SYR,"Employment to population ratio, 15+, total (%) (modeled ILO estimate)",SL.EMP.TOTL.SP.ZS,39.45399857,39.44499969,39.02399826,39.625,39.66999817,39.78099823,39.95100021,40.06200027,40.13700104,40.18799973,40.23500061,40.26900101,38.30199814
Turks and Caicos Islands,TCA,"Employment to population ratio, 15+, total (%) (modeled ILO estimate)",SL.EMP.TOTL.SP.ZS,,,,,,,,,,,,,
Chad,TCD,"Employment to population ratio, 15+, total (%) (modeled ILO estimate)",SL.EMP.TOTL.SP.ZS,64.51699829,64.00299835,63.49300003,62.95999908,62.44300079,61.9129982,61.38399887,60.84700012,60.3030014,59.76800156,59.23300171,59.16500092,56.85499954
East Asia & Pacific (IDA & IBRD countries),TEA,"Employment to population ratio, 15+, total (%) (modeled ILO estimate)",SL.EMP.TOTL.SP.ZS,67.82373373,67.39425017,67.16373206,67.40937543,67.29387401,66.97264055,66.88606575,66.67968024,66.45603983,66.15463617,66.08372449,65.83696235,64.47741429
Europe & Central Asia (IDA & IBRD countries),TEC,"Employment to population ratio, 15+, total (%) (modeled ILO estimate)",SL.EMP.TOTL.SP.ZS,53.18170714,52.28087801,52.65777222,53.1786244,53.46509722,53.49002637,53.5953827,53.70452235,53.87593212,54.21459535,54.46412106,54.17692533,52.62653517
Togo,TGO,"Employment to population ratio, 15+, total (%) (modeled ILO estimate)",SL.EMP.TOTL.SP.ZS,56.4620018,56.72399902,56.97499847,57.22800064,57.17300034,57.10499954,57.02399826,56.93099976,56.42100143,55.89799881,55.8219986,55.73600006,55.07699966
Thailand,THA,"Employment to population ratio, 15+, total (%) (modeled ILO estimate)",SL.EMP.TOTL.SP.ZS,72.53399658,72.05999756,71.14600372,72.79599762,72.57700348,70.09400177,69.42500305,68.82499695,67.77899933,66.94000244,67.27799988,66.47799683,66.28299713
Tajikistan,TJK,"Employment to population ratio, 15+, total (%) (modeled ILO estimate)",SL.EMP.TOTL.SP.ZS,37.09799957,37.11700058,37.42900085,37.75799942,38.09400177,38.43299866,38.77700043,39.11999893,39.45600128,38.92100143,38.4280014,37.97100067,37.39899826
Turkmenistan,TKM,"Employment to population ratio, 15+, total (%) (modeled ILO estimate)",SL.EMP.TOTL.SP.ZS,47.1629982,47.37099838,46.9659996,46.30899811,45.9109993,45.57300186,45.25799942,45.10699844,44.95500183,44.80099869,44.66600037,44.53499985,43.75099945
Latin America & the Caribbean (IDA & IBRD countries),TLA,"Employment to population ratio, 15+, total (%) (modeled ILO estimate)",SL.EMP.TOTL.SP.ZS,59.62169709,59.1972905,59.2205186,59.1272322,59.22054556,59.19989771,59.1100563,58.75977326,57.99083202,57.82197735,57.93285643,57.90805681,52.03915963
Timor-Leste,TLS,"Employment to population ratio, 15+, total (%) (modeled ILO estimate)",SL.EMP.TOTL.SP.ZS,65.67299652,65.44999695,65.24700165,64.96900177,64.70800018,64.52600098,64.3239975,64.13300323,63.94499969,64.04199982,64.13899994,64.2519989,63.375
Middle East & North Africa (IDA & IBRD countries),TMN,"Employment to population ratio, 15+, total (%) (modeled ILO estimate)",SL.EMP.TOTL.SP.ZS,39.73112235,39.75560447,39.72571246,38.70188443,38.75816458,39.00039274,38.58970601,38.50416936,38.60960073,38.29222784,38.17708249,38.22326968,36.17752871
Tonga,TON,"Employment to population ratio, 15+, total (%) (modeled ILO estimate)",SL.EMP.TOTL.SP.ZS,51.38499832,50.68700027,50.1230011,49.56600189,48.89699936,48.28099823,47.69200134,47.07600021,46.54100037,45.89899826,45.25699997,45.27399826,44.58200073
South Asia (IDA & IBRD),TSA,"Employment to population ratio, 15+, total (%) (modeled ILO estimate)",SL.EMP.TOTL.SP.ZS,52.58444641,51.88952391,51.36704476,50.64475289,49.88394541,49.38810146,48.92869359,48.48823068,48.00423999,47.74712648,47.25942314,47.42044789,43.60644491
Sub-Saharan Africa (IDA & IBRD countries),TSS,"Employment to population ratio, 15+, total (%) (modeled ILO estimate)",SL.EMP.TOTL.SP.ZS,65.30928432,64.96964087,64.41552771,64.31489311,63.77850951,63.37791761,63.21096498,63.21782043,62.91518391,62.75348134,62.69077569,62.5831615,60.61389469
Trinidad and Tobago,TTO,"Employment to population ratio, 15+, total (%) (modeled ILO estimate)",SL.EMP.TOTL.SP.ZS,60.56000137,59.36999893,58.4070015,57.87400055,58.80799866,59.11199951,59.88700104,58.52199936,57.36700058,57.23300171,57.17399979,57.11100006,54.1609993
Tunisia,TUN,"Employment to population ratio, 15+, total (%) (modeled ILO estimate)",SL.EMP.TOTL.SP.ZS,40.42599869,40.32899857,40.77099991,38.54000092,39.35599899,39.86600113,40.13100052,39.93399811,39.83000183,39.77799988,39.64199829,39.79399872,38.36299896
Turkey,TUR,"Employment to population ratio, 15+, total (%) (modeled ILO estimate)",SL.EMP.TOTL.SP.ZS,41.70500183,41.15399933,42.99900055,44.97100067,45.35599899,45.90000153,45.5019989,45.99300003,46.33599854,47.07799911,47.37099838,45.67699814,42.8370018
Tuvalu,TUV,"Employment to population ratio, 15+, total (%) (modeled ILO estimate)",SL.EMP.TOTL.SP.ZS,,,,,,,,,,,,,
Tanzania,TZA,"Employment to population ratio, 15+, total (%) (modeled ILO estimate)",SL.EMP.TOTL.SP.ZS,84.94400024,84.67299652,83.72899628,82.77500153,82.4260025,82.10500336,82.19000244,82.15699768,82.1230011,82.08200073,82.02999878,81.98300171,80.94999695
Uganda,UGA,"Employment to population ratio, 15+, total (%) (modeled ILO estimate)",SL.EMP.TOTL.SP.ZS,67.78299713,67.5039978,67.5510025,67.63899994,67.65000153,68.74500275,68.68699646,68.61699677,68.53500366,68.44000244,68.34999847,68.24299622,64.96099854
Ukraine,UKR,"Employment to population ratio, 15+, total (%) (modeled ILO estimate)",SL.EMP.TOTL.SP.ZS,52.66899872,51.28099823,51.70299911,51.84999847,52.0359993,52.24499893,51.06900024,51.14799881,51.0359993,50.95800018,51.35800171,51.70700073,50.05899811
Upper middle income,UMC,"Employment to population ratio, 15+, total (%) (modeled ILO estimate)",SL.EMP.TOTL.SP.ZS,63.93116862,63.24278622,62.95444099,63.1067186,63.03845321,62.81704698,62.71336218,62.56268313,62.25375121,62.05787819,61.98907922,61.69135149,59.3833062
Uruguay,URY,"Employment to population ratio, 15+, total (%) (modeled ILO estimate)",SL.EMP.TOTL.SP.ZS,58.86999893,59.72900009,59.6780014,61.85400009,61.01300049,60.66400146,61.55599976,60.06700134,59.54499817,59.05199814,58.36899948,57.73400116,54.64199829
United States,USA,"Employment to population ratio, 15+, total (%) (modeled ILO estimate)",SL.EMP.TOTL.SP.ZS,61.17100143,58.34700012,57.52199936,57.42499924,57.6590004,57.69900131,58.11600113,58.4640007,58.84799957,59.23699951,59.54899979,59.92300034,55.97900009
Uzbekistan,UZB,"Employment to population ratio, 15+, total (%) (modeled ILO estimate)",SL.EMP.TOTL.SP.ZS,60.18000031,59.60800171,58.99399948,58.86299896,58.49100113,58.06299973,57.56399918,57.125,56.8429985,56.30799866,56.05899811,55.83000183,53.57600021
St. Vincent and the Grenadines,VCT,"Employment to population ratio, 15+, total (%) (modeled ILO estimate)",SL.EMP.TOTL.SP.ZS,52.49599838,52.32500076,52.16999817,52.19599915,52.2480011,52.27999878,52.26800156,52.27500153,52.30899811,52.28099823,52.33399963,52.27000046,50.09500122
"Venezuela, RB",VEN,"Employment to population ratio, 15+, total (%) (modeled ILO estimate)",SL.EMP.TOTL.SP.ZS,60.27199936,60.13399887,59.31000137,59.24000168,58.94499969,59.56299973,59.00400162,58.48600006,57.92499924,56.52000046,54.47600174,50.06499863,47.21900177
British Virgin Islands,VGB,"Employment to population ratio, 15+, total (%) (modeled ILO estimate)",SL.EMP.TOTL.SP.ZS,,,,,,,,,,,,,
Virgin Islands (U.S.),VIR,"Employment to population ratio, 15+, total (%) (modeled ILO estimate)",SL.EMP.TOTL.SP.ZS,56.25799942,55.56900024,53.82099915,54.11500168,52.94400024,49.52799988,48.73699951,50.70800018,50.13299942,50.7480011,46.9129982,44.25400162,43.29399872
Vietnam,VNM,"Employment to population ratio, 15+, total (%) (modeled ILO estimate)",SL.EMP.TOTL.SP.ZS,73.65000153,74.51100159,75.32499695,75.50700378,75.40499878,76.00299835,76.06900024,75.77200317,75.14399719,74.70600128,74.73300171,73.92900085,72.96499634
Vanuatu,VUT,"Employment to population ratio, 15+, total (%) (modeled ILO estimate)",SL.EMP.TOTL.SP.ZS,68.0019989,67.93900299,67.93599701,68.00499725,68.0059967,68.02400208,68.07499695,68.11000061,68.14700317,68.1190033,68.06600189,68.05899811,67.19499969
World,WLD,"Employment to population ratio, 15+, total (%) (modeled ILO estimate)",SL.EMP.TOTL.SP.ZS,59.45428947,58.74933485,58.46456291,58.35908621,58.12250664,57.87660683,57.75748941,57.619167,57.43392024,57.33130123,57.27927078,57.27750638,54.75861506
Samoa,WSM,"Employment to population ratio, 15+, total (%) (modeled ILO estimate)",SL.EMP.TOTL.SP.ZS,40.96900177,41.02399826,41.07500076,41.0019989,39.80799866,39.88000107,39.87599945,39.87400055,39.75600052,39.62200165,39.64699936,39.68700027,38.99200058
Kosovo,XKX,"Employment to population ratio, 15+, total (%) (modeled ILO estimate)",SL.EMP.TOTL.SP.ZS,,,,,,,,,,,,,
"Yemen, Rep.",YEM,"Employment to population ratio, 15+, total (%) (modeled ILO estimate)",SL.EMP.TOTL.SP.ZS,34.98699951,34.38000107,33.79499817,33.0870018,32.56399918,31.9810009,31.36700058,31.5359993,31.81699944,32.00099945,32.15800095,32.28300095,31.85300064
South Africa,ZAF,"Employment to population ratio, 15+, total (%) (modeled ILO estimate)",SL.EMP.TOTL.SP.ZS,43.28699875,41.26900101,39.36999893,39.31499863,39.52399826,40.04399872,40.04100037,40.86100006,40.18999863,40.39099884,40.31600189,39.53499985,35.77899933
Zambia,ZMB,"Employment to population ratio, 15+, total (%) (modeled ILO estimate)",SL.EMP.TOTL.SP.ZS,71.41100311,68.72799683,66.06500244,67.40000153,68.72499847,68.1230011,67.51699829,66.89099884,66.27300262,65.63400269,65.26799774,64.80599976,63.95000076
Zimbabwe,ZWE,"Employment to population ratio, 15+, total (%) (modeled ILO estimate)",SL.EMP.TOTL.SP.ZS,78.36799622,78.27100372,78.1289978,77.95600128,78.83499908,79.65499878,80.48799896,80.50099945,80.51100159,80.5019989,80.46199799,80.39199829,78.97799683
